-- phpMyAdmin SQL Dump
-- version 5.2.1
-- https://www.phpmyadmin.net/
--
-- Host: 127.0.0.1
-- Generation Time: May 24, 2025 at 10:32 PM
-- Server version: 10.4.32-MariaDB
-- PHP Version: 8.4.7

SET SQL_MODE = "NO_AUTO_VALUE_ON_ZERO";
START TRANSACTION;
SET time_zone = "+00:00";


/*!40101 SET @OLD_CHARACTER_SET_CLIENT=@@CHARACTER_SET_CLIENT */;
/*!40101 SET @OLD_CHARACTER_SET_RESULTS=@@CHARACTER_SET_RESULTS */;
/*!40101 SET @OLD_COLLATION_CONNECTION=@@COLLATION_CONNECTION */;
/*!40101 SET NAMES utf8mb4 */;

--
-- Database: `websecurity3`
--

-- --------------------------------------------------------

--
-- Table structure for table `cache`
--

CREATE TABLE `cache` (
  `key` varchar(255) NOT NULL,
  `value` mediumtext NOT NULL,
  `expiration` int(11) NOT NULL
) ENGINE=InnoDB DEFAULT CHARSET=utf8mb4 COLLATE=utf8mb4_unicode_ci;

--
-- Dumping data for table `cache`
--

INSERT INTO `cache` (`key`, `value`, `expiration`) VALUES
('spatie.permission.cache', 'a:3:{s:5:\"alias\";a:4:{s:1:\"a\";s:2:\"id\";s:1:\"b\";s:4:\"name\";s:1:\"c\";s:10:\"guard_name\";s:1:\"r\";s:5:\"roles\";}s:11:\"permissions\";a:16:{i:0;a:3:{s:1:\"a\";i:1;s:1:\"b\";s:12:\"manage-users\";s:1:\"c\";s:3:\"web\";}i:1;a:3:{s:1:\"a\";i:2;s:1:\"b\";s:15:\"manage-products\";s:1:\"c\";s:3:\"web\";}i:2;a:3:{s:1:\"a\";i:3;s:1:\"b\";s:13:\"manage-orders\";s:1:\"c\";s:3:\"web\";}i:3;a:3:{s:1:\"a\";i:4;s:1:\"b\";s:14:\"manage-drivers\";s:1:\"c\";s:3:\"web\";}i:4;a:3:{s:1:\"a\";i:5;s:1:\"b\";s:12:\"view-reports\";s:1:\"c\";s:3:\"web\";}i:5;a:3:{s:1:\"a\";i:6;s:1:\"b\";s:15:\"manage-settings\";s:1:\"c\";s:3:\"web\";}i:6;a:4:{s:1:\"a\";i:7;s:1:\"b\";s:20:\"view-assigned-orders\";s:1:\"c\";s:3:\"web\";s:1:\"r\";a:1:{i:0;i:2;}}i:7;a:4:{s:1:\"a\";i:8;s:1:\"b\";s:19:\"update-order-status\";s:1:\"c\";s:3:\"web\";s:1:\"r\";a:1:{i:0;i:2;}}i:8;a:4:{s:1:\"a\";i:9;s:1:\"b\";s:21:\"view-delivery-history\";s:1:\"c\";s:3:\"web\";s:1:\"r\";a:1:{i:0;i:2;}}i:9;a:4:{s:1:\"a\";i:10;s:1:\"b\";s:19:\"update-availability\";s:1:\"c\";s:3:\"web\";s:1:\"r\";a:1:{i:0;i:2;}}i:10;a:4:{s:1:\"a\";i:11;s:1:\"b\";s:12:\"place-orders\";s:1:\"c\";s:3:\"web\";s:1:\"r\";a:1:{i:0;i:3;}}i:11;a:4:{s:1:\"a\";i:12;s:1:\"b\";s:15:\"view-own-orders\";s:1:\"c\";s:3:\"web\";s:1:\"r\";a:1:{i:0;i:3;}}i:12;a:4:{s:1:\"a\";i:13;s:1:\"b\";s:12:\"track-orders\";s:1:\"c\";s:3:\"web\";s:1:\"r\";a:1:{i:0;i:3;}}i:13;a:4:{s:1:\"a\";i:14;s:1:\"b\";s:11:\"rate-orders\";s:1:\"c\";s:3:\"web\";s:1:\"r\";a:1:{i:0;i:3;}}i:14;a:4:{s:1:\"a\";i:15;s:1:\"b\";s:12:\"create_users\";s:1:\"c\";s:3:\"web\";s:1:\"r\";a:1:{i:0;i:7;}}i:15;a:4:{s:1:\"a\";i:16;s:1:\"b\";s:12:\"manage_users\";s:1:\"c\";s:3:\"web\";s:1:\"r\";a:2:{i:0;i:1;i:1;i:7;}}}s:5:\"roles\";a:4:{i:0;a:3:{s:1:\"a\";i:2;s:1:\"b\";s:6:\"driver\";s:1:\"c\";s:3:\"web\";}i:1;a:3:{s:1:\"a\";i:3;s:1:\"b\";s:8:\"customer\";s:1:\"c\";s:3:\"web\";}i:2;a:3:{s:1:\"a\";i:7;s:1:\"b\";s:7:\"manager\";s:1:\"c\";s:3:\"web\";}i:3;a:3:{s:1:\"a\";i:1;s:1:\"b\";s:5:\"admin\";s:1:\"c\";s:3:\"web\";}}}', 1748187758);

-- --------------------------------------------------------

--
-- Table structure for table `cache_locks`
--

CREATE TABLE `cache_locks` (
  `key` varchar(255) NOT NULL,
  `owner` varchar(255) NOT NULL,
  `expiration` int(11) NOT NULL
) ENGINE=InnoDB DEFAULT CHARSET=utf8mb4 COLLATE=utf8mb4_unicode_ci;

-- --------------------------------------------------------

--
-- Table structure for table `credit_transactions`
--

CREATE TABLE `credit_transactions` (
  `id` bigint(20) UNSIGNED NOT NULL,
  `user_id` bigint(20) UNSIGNED NOT NULL,
  `amount` decimal(20,2) NOT NULL,
  `action` varchar(255) NOT NULL,
  `reason` text NOT NULL,
  `performed_by` bigint(20) UNSIGNED NOT NULL,
  `created_at` timestamp NULL DEFAULT NULL,
  `updated_at` timestamp NULL DEFAULT NULL
) ENGINE=InnoDB DEFAULT CHARSET=utf8mb4 COLLATE=utf8mb4_unicode_ci;

-- --------------------------------------------------------

--
-- Table structure for table `drivers`
--

CREATE TABLE `drivers` (
  `id` bigint(20) UNSIGNED NOT NULL,
  `name` varchar(255) NOT NULL,
  `email` varchar(255) DEFAULT NULL,
  `phone` varchar(20) DEFAULT NULL,
  `created_at` timestamp NULL DEFAULT NULL,
  `updated_at` timestamp NULL DEFAULT NULL
) ENGINE=InnoDB DEFAULT CHARSET=utf8mb4 COLLATE=utf8mb4_general_ci;

-- --------------------------------------------------------

--
-- Table structure for table `failed_jobs`
--

CREATE TABLE `failed_jobs` (
  `id` bigint(20) UNSIGNED NOT NULL,
  `uuid` varchar(255) NOT NULL,
  `connection` text NOT NULL,
  `queue` text NOT NULL,
  `payload` longtext NOT NULL,
  `exception` longtext NOT NULL,
  `failed_at` timestamp NOT NULL DEFAULT current_timestamp()
) ENGINE=InnoDB DEFAULT CHARSET=utf8mb4 COLLATE=utf8mb4_unicode_ci;

-- --------------------------------------------------------

--
-- Table structure for table `hero_sections`
--

CREATE TABLE `hero_sections` (
  `id` bigint(20) UNSIGNED NOT NULL,
  `heading` varchar(255) DEFAULT NULL,
  `subheading` varchar(255) DEFAULT NULL,
  `description` text DEFAULT NULL,
  `button_text` varchar(255) DEFAULT NULL,
  `button_link` varchar(255) DEFAULT NULL,
  `overlay_opacity` decimal(3,2) NOT NULL DEFAULT 0.40,
  `background_image` varchar(255) DEFAULT NULL,
  `is_active` tinyint(1) NOT NULL DEFAULT 1,
  `created_at` timestamp NULL DEFAULT NULL,
  `updated_at` timestamp NULL DEFAULT NULL
) ENGINE=InnoDB DEFAULT CHARSET=utf8mb4 COLLATE=utf8mb4_unicode_ci;

--
-- Dumping data for table `hero_sections`
--

INSERT INTO `hero_sections` (`id`, `heading`, `subheading`, `description`, `button_text`, `button_link`, `overlay_opacity`, `background_image`, `is_active`, `created_at`, `updated_at`) VALUES
(1, 'Welcome to Summer', 'Professional Security Solutions', 'Professional security solutions for your peace of mind', 'SHOP NOW', '/clothes', 0.40, 'hero/1748003788_hero-1.jpg', 1, '2025-05-20 11:30:53', '2025-05-24 11:52:04');

-- --------------------------------------------------------

--
-- Table structure for table `jobs`
--

CREATE TABLE `jobs` (
  `id` bigint(20) UNSIGNED NOT NULL,
  `queue` varchar(255) NOT NULL,
  `payload` longtext NOT NULL,
  `attempts` tinyint(3) UNSIGNED NOT NULL,
  `reserved_at` int(10) UNSIGNED DEFAULT NULL,
  `available_at` int(10) UNSIGNED NOT NULL,
  `created_at` int(10) UNSIGNED NOT NULL
) ENGINE=InnoDB DEFAULT CHARSET=utf8mb4 COLLATE=utf8mb4_unicode_ci;

-- --------------------------------------------------------

--
-- Table structure for table `job_batches`
--

CREATE TABLE `job_batches` (
  `id` varchar(255) NOT NULL,
  `name` varchar(255) NOT NULL,
  `total_jobs` int(11) NOT NULL,
  `pending_jobs` int(11) NOT NULL,
  `failed_jobs` int(11) NOT NULL,
  `failed_job_ids` longtext NOT NULL,
  `options` mediumtext DEFAULT NULL,
  `cancelled_at` int(11) DEFAULT NULL,
  `created_at` int(11) NOT NULL,
  `finished_at` int(11) DEFAULT NULL
) ENGINE=InnoDB DEFAULT CHARSET=utf8mb4 COLLATE=utf8mb4_unicode_ci;

-- --------------------------------------------------------

--
-- Table structure for table `migrations`
--

CREATE TABLE `migrations` (
  `id` int(10) UNSIGNED NOT NULL,
  `migration` varchar(255) NOT NULL,
  `batch` int(11) NOT NULL
) ENGINE=InnoDB DEFAULT CHARSET=utf8mb4 COLLATE=utf8mb4_unicode_ci;

--
-- Dumping data for table `migrations`
--

INSERT INTO `migrations` (`id`, `migration`, `batch`) VALUES
(1, '0001_01_01_000000_create_users_table', 1),
(2, '0001_01_01_000001_create_cache_table', 1),
(3, '0001_01_01_000002_create_jobs_table', 1),
(4, '2024_03_20_000000_create_notifications_table', 1),
(5, '2024_04_06_000000_create_products_table', 1),
(6, '2024_04_06_000001_create_purchases_table', 1),
(7, '2024_04_06_000002_create_user_credits_table', 1),
(8, '2024_04_08_000000_create_product_likes_table', 1),
(9, '2024_04_09_000000_add_hold_column_to_products', 1),
(10, '2024_04_10_000000_create_hero_sections_table', 1),
(11, '2025_04_07_000001_remove_photo_column_from_products', 1),
(12, '2025_04_07_194403_create_credit_transactions_table', 1),
(13, '2025_04_07_212505_create_permission_tables', 1),
(14, '2025_05_15_001504_add_purchase_fields_to_purchases_table', 1),
(15, '2025_05_15_022221_add_order_status_to_purchases_table', 1),
(16, '2025_05_18_113838_add_favourite_to_products_table', 1),
(17, '2025_05_18_120331_add_favourite_to_products_table', 1),
(18, '2025_05_19_101541_add_review_to_products_table', 1),
(19, '2024_03_17_000000_add_social_login_fields_to_users', 2);

-- --------------------------------------------------------

--
-- Table structure for table `model_has_permissions`
--

CREATE TABLE `model_has_permissions` (
  `permission_id` bigint(20) UNSIGNED NOT NULL,
  `model_type` varchar(255) NOT NULL,
  `model_id` bigint(20) UNSIGNED NOT NULL
) ENGINE=InnoDB DEFAULT CHARSET=utf8mb4 COLLATE=utf8mb4_unicode_ci;

--
-- Dumping data for table `model_has_permissions`
--

INSERT INTO `model_has_permissions` (`permission_id`, `model_type`, `model_id`) VALUES
(2, 'App\\Models\\User', 1);

-- --------------------------------------------------------

--
-- Table structure for table `model_has_roles`
--

CREATE TABLE `model_has_roles` (
  `role_id` bigint(20) UNSIGNED NOT NULL,
  `model_type` varchar(255) NOT NULL,
  `model_id` bigint(20) UNSIGNED NOT NULL
) ENGINE=InnoDB DEFAULT CHARSET=utf8mb4 COLLATE=utf8mb4_unicode_ci;

--
-- Dumping data for table `model_has_roles`
--

INSERT INTO `model_has_roles` (`role_id`, `model_type`, `model_id`) VALUES
(1, 'App\\Models\\User', 1),
(2, 'App\\Models\\User', 2),
(2, 'App\\Models\\User', 10),
(3, 'App\\Models\\User', 3),
(3, 'App\\Models\\User', 4),
(3, 'App\\Models\\User', 5),
(3, 'App\\Models\\User', 11),
(7, 'App\\Models\\User', 6);

-- --------------------------------------------------------

--
-- Table structure for table `notifications`
--

CREATE TABLE `notifications` (
  `id` char(36) NOT NULL,
  `type` varchar(255) NOT NULL,
  `notifiable_type` varchar(255) NOT NULL,
  `notifiable_id` bigint(20) UNSIGNED NOT NULL,
  `data` text NOT NULL,
  `read_at` timestamp NULL DEFAULT NULL,
  `created_at` timestamp NULL DEFAULT NULL,
  `updated_at` timestamp NULL DEFAULT NULL
) ENGINE=InnoDB DEFAULT CHARSET=utf8mb4 COLLATE=utf8mb4_unicode_ci;

-- --------------------------------------------------------

--
-- Table structure for table `password_reset_tokens`
--

CREATE TABLE `password_reset_tokens` (
  `email` varchar(255) NOT NULL,
  `token` varchar(255) NOT NULL,
  `created_at` timestamp NULL DEFAULT NULL
) ENGINE=InnoDB DEFAULT CHARSET=utf8mb4 COLLATE=utf8mb4_unicode_ci;

--
-- Dumping data for table `password_reset_tokens`
--

INSERT INTO `password_reset_tokens` (`email`, `token`, `created_at`) VALUES
('hazemahmed201999@gmail.com', 'OhITbqG4o0U18f2CqAg1OP1oEP5UiOn7NqviahPSDUfr9Jdu2hgw5Fy1qAwzNVWI', '2025-05-24 17:31:14');

-- --------------------------------------------------------

--
-- Table structure for table `permissions`
--

CREATE TABLE `permissions` (
  `id` bigint(20) UNSIGNED NOT NULL,
  `name` varchar(255) NOT NULL,
  `guard_name` varchar(255) NOT NULL,
  `created_at` timestamp NULL DEFAULT NULL,
  `updated_at` timestamp NULL DEFAULT NULL
) ENGINE=InnoDB DEFAULT CHARSET=utf8mb4 COLLATE=utf8mb4_unicode_ci;

--
-- Dumping data for table `permissions`
--

INSERT INTO `permissions` (`id`, `name`, `guard_name`, `created_at`, `updated_at`) VALUES
(1, 'manage-users', 'web', '2025-05-20 11:30:44', '2025-05-20 11:30:44'),
(2, 'manage-products', 'web', '2025-05-20 11:30:44', '2025-05-20 11:30:44'),
(3, 'manage-orders', 'web', '2025-05-20 11:30:44', '2025-05-20 11:30:44'),
(4, 'manage-drivers', 'web', '2025-05-20 11:30:44', '2025-05-20 11:30:44'),
(5, 'view-reports', 'web', '2025-05-20 11:30:44', '2025-05-20 11:30:44'),
(6, 'manage-settings', 'web', '2025-05-20 11:30:44', '2025-05-20 11:30:44'),
(7, 'view-assigned-orders', 'web', '2025-05-20 11:30:44', '2025-05-20 11:30:44'),
(8, 'update-order-status', 'web', '2025-05-20 11:30:44', '2025-05-20 11:30:44'),
(9, 'view-delivery-history', 'web', '2025-05-20 11:30:44', '2025-05-20 11:30:44'),
(10, 'update-availability', 'web', '2025-05-20 11:30:44', '2025-05-20 11:30:44'),
(11, 'place-orders', 'web', '2025-05-20 11:30:44', '2025-05-20 11:30:44'),
(12, 'view-own-orders', 'web', '2025-05-20 11:30:44', '2025-05-20 11:30:44'),
(13, 'track-orders', 'web', '2025-05-20 11:30:44', '2025-05-20 11:30:44'),
(14, 'rate-orders', 'web', '2025-05-20 11:30:44', '2025-05-20 11:30:44'),
(15, 'create_users', 'web', '2025-05-24 09:40:58', '2025-05-24 09:40:58'),
(16, 'manage_users', 'web', '2025-05-24 09:40:58', '2025-05-24 09:40:58'),
(17, 'not login', 'web', '2025-05-24 17:50:55', '2025-05-24 17:50:55');

-- --------------------------------------------------------

--
-- Table structure for table `products`
--

CREATE TABLE `products` (
  `id` bigint(20) UNSIGNED NOT NULL,
  `name` varchar(255) NOT NULL,
  `description` text NOT NULL,
  `price` decimal(10,2) NOT NULL,
  `stock_quantity` int(11) NOT NULL,
  `image` varchar(255) DEFAULT NULL,
  `code` varchar(255) NOT NULL,
  `model` varchar(255) NOT NULL,
  `created_at` timestamp NULL DEFAULT NULL,
  `updated_at` timestamp NULL DEFAULT NULL,
  `deleted_at` timestamp NULL DEFAULT NULL,
  `hold` tinyint(1) NOT NULL DEFAULT 0,
  `review` text DEFAULT NULL,
  `favourite` tinyint(1) DEFAULT 0
) ENGINE=InnoDB DEFAULT CHARSET=utf8mb4 COLLATE=utf8mb4_unicode_ci;

--
-- Dumping data for table `products`
--

INSERT INTO `products` (`id`, `name`, `description`, `price`, `stock_quantity`, `image`, `code`, `model`, `created_at`, `updated_at`, `deleted_at`, `hold`, `review`, `favourite`) VALUES
(1, 'Brown Jacket', 'Stylish brown jacket for casual wear', 129.99, 49, 'products/1748003833_product-1.jpg', '1747597847', 'BJ-2023', NULL, '2025-05-24 12:59:18', NULL, 0, NULL, 1),
(2, 'Black Leather Jacket', 'Classic black leather jacket', 199.99, 32, 'products/1748003847_product-2.jpg', '1747597868', 'LJ-2023', NULL, '2025-05-24 10:23:48', NULL, 0, NULL, 0),
(3, 'Blue Sneakers', 'Comfortable blue athletic sneakers', 89.99, 75, 'products/1748003856_product-3.jpg', '1747597877', 'BS-2023', NULL, '2025-05-23 09:37:36', NULL, 0, NULL, 0),
(4, 'Light Brown Coat', 'Lightweight brown coat for spring', 149.99, 40, 'products/1748003865_product-4.jpg', '1747597885', 'LBC-2023', NULL, '2025-05-23 09:37:45', NULL, 0, NULL, 0),
(5, 'Graphic T-Shirt', 'Printed graphic t-shirt with unique design', 29.99, 100, 'products/1748003874_product-5.jpg', '1747597894', 'GTS-2023', NULL, '2025-05-23 09:37:54', NULL, 0, NULL, 0),
(6, 'Navy Blue T-Shirt', 'Classic navy blue t-shirt', 24.99, 120, 'products/1748003884_product-6.jpg', '1747597910', 'NBT-2023', NULL, '2025-05-23 09:38:04', NULL, 0, NULL, 0);

-- --------------------------------------------------------

--
-- Table structure for table `product_likes`
--

CREATE TABLE `product_likes` (
  `id` bigint(20) UNSIGNED NOT NULL,
  `user_id` bigint(20) UNSIGNED NOT NULL,
  `product_id` bigint(20) UNSIGNED NOT NULL,
  `created_at` timestamp NULL DEFAULT NULL,
  `updated_at` timestamp NULL DEFAULT NULL
) ENGINE=InnoDB DEFAULT CHARSET=utf8mb4 COLLATE=utf8mb4_unicode_ci;

--
-- Dumping data for table `product_likes`
--

INSERT INTO `product_likes` (`id`, `user_id`, `product_id`, `created_at`, `updated_at`) VALUES
(1, 3, 1, '2025-05-23 15:56:36', '2025-05-23 15:56:36');

-- --------------------------------------------------------

--
-- Table structure for table `purchases`
--

CREATE TABLE `purchases` (
  `id` bigint(20) UNSIGNED NOT NULL,
  `user_id` bigint(20) UNSIGNED NOT NULL,
  `product_id` bigint(20) UNSIGNED NOT NULL,
  `quantity` int(11) NOT NULL,
  `total_price` decimal(10,2) NOT NULL,
  `delivery_method` varchar(255) NOT NULL,
  `delivery_address` varchar(255) DEFAULT NULL,
  `pickup_branch` varchar(255) DEFAULT NULL,
  `color` varchar(255) NOT NULL,
  `payment_method` varchar(255) NOT NULL,
  `card_last4` varchar(255) DEFAULT NULL,
  `order_status` varchar(255) NOT NULL DEFAULT 'Pending',
  `estimated_delivery_time` timestamp NULL DEFAULT NULL,
  `delivered_at` timestamp NULL DEFAULT NULL,
  `created_at` timestamp NULL DEFAULT NULL,
  `updated_at` timestamp NULL DEFAULT NULL,
  `driver_id` bigint(20) UNSIGNED DEFAULT NULL
) ENGINE=InnoDB DEFAULT CHARSET=utf8mb4 COLLATE=utf8mb4_unicode_ci;

--
-- Dumping data for table `purchases`
--

INSERT INTO `purchases` (`id`, `user_id`, `product_id`, `quantity`, `total_price`, `delivery_method`, `delivery_address`, `pickup_branch`, `color`, `payment_method`, `card_last4`, `order_status`, `estimated_delivery_time`, `delivered_at`, `created_at`, `updated_at`, `driver_id`) VALUES
(1, 3, 1, 1, 129.99, 'home', NULL, NULL, 'default', 'cod', NULL, 'Delivered', NULL, '2025-05-23 12:20:45', '2025-05-20 17:11:34', '2025-05-23 12:20:45', 2),
(2, 3, 2, 1, 199.99, 'home', NULL, NULL, 'default', 'cod', NULL, 'Delivered', NULL, '2025-05-24 08:34:52', '2025-05-23 12:23:58', '2025-05-24 08:34:52', 2),
(3, 3, 2, 1, 199.99, 'home', NULL, NULL, 'default', 'cod', NULL, 'On the way', NULL, NULL, '2025-05-23 15:14:15', '2025-05-24 12:03:06', 2),
(4, 3, 2, 1, 199.99, 'home', NULL, NULL, 'default', 'cod', NULL, 'Pending', NULL, NULL, '2025-05-24 10:23:48', '2025-05-24 10:23:48', NULL);

-- --------------------------------------------------------

--
-- Table structure for table `roles`
--

CREATE TABLE `roles` (
  `id` bigint(20) UNSIGNED NOT NULL,
  `name` varchar(255) NOT NULL,
  `guard_name` varchar(255) NOT NULL,
  `created_at` timestamp NULL DEFAULT NULL,
  `updated_at` timestamp NULL DEFAULT NULL
) ENGINE=InnoDB DEFAULT CHARSET=utf8mb4 COLLATE=utf8mb4_unicode_ci;

--
-- Dumping data for table `roles`
--

INSERT INTO `roles` (`id`, `name`, `guard_name`, `created_at`, `updated_at`) VALUES
(1, 'admin', 'web', '2025-05-20 11:30:44', '2025-05-20 11:30:44'),
(2, 'driver', 'web', '2025-05-20 11:30:44', '2025-05-20 11:30:44'),
(3, 'customer', 'web', '2025-05-20 11:30:44', '2025-05-20 11:30:44'),
(7, 'manager', 'web', '2025-05-24 09:40:58', '2025-05-24 09:40:58'),
(8, 'guest', 'web', '2025-05-24 17:49:34', '2025-05-24 17:49:34');

-- --------------------------------------------------------

--
-- Table structure for table `role_has_permissions`
--

CREATE TABLE `role_has_permissions` (
  `permission_id` bigint(20) UNSIGNED NOT NULL,
  `role_id` bigint(20) UNSIGNED NOT NULL
) ENGINE=InnoDB DEFAULT CHARSET=utf8mb4 COLLATE=utf8mb4_unicode_ci;

--
-- Dumping data for table `role_has_permissions`
--

INSERT INTO `role_has_permissions` (`permission_id`, `role_id`) VALUES
(7, 2),
(8, 2),
(9, 2),
(10, 2),
(11, 3),
(12, 3),
(13, 3),
(14, 3),
(15, 7),
(16, 1),
(17, 8);

-- --------------------------------------------------------

--
-- Table structure for table `sessions`
--

CREATE TABLE `sessions` (
  `id` varchar(255) NOT NULL,
  `user_id` bigint(20) UNSIGNED DEFAULT NULL,
  `ip_address` varchar(45) DEFAULT NULL,
  `user_agent` text DEFAULT NULL,
  `payload` longtext NOT NULL,
  `last_activity` int(11) NOT NULL
) ENGINE=InnoDB DEFAULT CHARSET=utf8mb4 COLLATE=utf8mb4_unicode_ci;

-- --------------------------------------------------------

--
-- Table structure for table `users`
--

CREATE TABLE `users` (
  `id` bigint(20) UNSIGNED NOT NULL,
  `name` varchar(255) NOT NULL,
  `email` varchar(255) NOT NULL,
  `email_verified_at` timestamp NULL DEFAULT NULL,
  `password` varchar(255) NOT NULL,
  `remember_token` varchar(100) DEFAULT NULL,
  `created_at` timestamp NULL DEFAULT NULL,
  `updated_at` timestamp NULL DEFAULT NULL,
  `google_id` varchar(255) DEFAULT NULL,
  `google_token` varchar(255) DEFAULT NULL,
  `google_refresh_token` varchar(255) DEFAULT NULL,
  `facebook_id` varchar(255) DEFAULT NULL,
  `facebook_token` varchar(255) DEFAULT NULL,
  `avatar` varchar(255) DEFAULT NULL
) ENGINE=InnoDB DEFAULT CHARSET=utf8mb4 COLLATE=utf8mb4_unicode_ci;

--
-- Dumping data for table `users`
--

INSERT INTO `users` (`id`, `name`, `email`, `email_verified_at`, `password`, `remember_token`, `created_at`, `updated_at`, `google_id`, `google_token`, `google_refresh_token`, `facebook_id`, `facebook_token`, `avatar`) VALUES
(1, 'Admin User', 'admin@admin.com', '2025-05-20 11:30:49', '$2y$12$DIESIlBI4VQbkpqNOx8HEOCawdwYEw.I10uCsglrGjFBvS40JgtxC', NULL, '2025-05-20 11:30:49', '2025-05-20 11:30:49', NULL, NULL, NULL, NULL, NULL, NULL),
(2, 'Driver User', 'driver@driver.com', '2025-05-20 11:30:49', '$2y$12$iM6mDWHfCKlE1j8Weh91ZesXWX5/trX8pPuUzWh4fD04XNlgC1996', NULL, '2025-05-20 11:30:49', '2025-05-20 11:30:49', NULL, NULL, NULL, NULL, NULL, NULL),
(3, 'Customer User', 'customer@customer.com', '2025-05-20 11:30:49', '$2y$12$x8IbQDNgCnliuS2/5MgqOORvqTsRG4dAYdRY6CK3ApGyxTJHPBsxC', NULL, '2025-05-20 11:30:49', '2025-05-20 11:30:49', NULL, NULL, NULL, NULL, NULL, NULL),
(5, 'Ahmed Abdelmoniem', 'ahmedabdelmonem432@gmail.com', '2025-05-21 17:10:32', '$2y$12$b1MKOeTY862tGhMgiPTp6OSvXk/Eu9Ha4iy6OOPfQdyILJUsFNv7q', NULL, '2025-05-21 16:37:03', '2025-05-21 17:10:32', NULL, NULL, NULL, NULL, NULL, NULL),
(6, 'Manager User', 'manager@example.com', '2025-05-24 09:42:26', '$2y$12$9aWZ9hFiYNvFcLlcGODMveMXoi021dq4FhNceKpmZlwyWrY9Iz7mG', NULL, '2025-05-24 09:42:26', '2025-05-24 09:42:26', NULL, NULL, NULL, NULL, NULL, NULL),
(10, 'driver3', 'driver3@driver.com', NULL, '$2y$12$z2aClpRvRAaWuNbv3Sy5Mu1sXl/7p8eOGbK97mprbUzDdN0KUaKpm', NULL, '2025-05-24 09:50:08', '2025-05-24 09:50:08', NULL, NULL, NULL, NULL, NULL, NULL),
(11, 'hazem', 'hazemahmed201999@gmail.com', NULL, '$2y$12$SxPCodqz0mfNwac5ZvQwvudIs.67AXuB7foE1eQWn8szTjOXam0ve', NULL, '2025-05-24 15:16:31', '2025-05-24 15:16:31', NULL, NULL, NULL, NULL, NULL, NULL);

-- --------------------------------------------------------

--
-- Table structure for table `user_credits`
--

CREATE TABLE `user_credits` (
  `id` bigint(20) UNSIGNED NOT NULL,
  `user_id` bigint(20) UNSIGNED NOT NULL,
  `credit_balance` decimal(10,2) NOT NULL DEFAULT 0.00,
  `created_at` timestamp NULL DEFAULT NULL,
  `updated_at` timestamp NULL DEFAULT NULL
) ENGINE=InnoDB DEFAULT CHARSET=utf8mb4 COLLATE=utf8mb4_unicode_ci;

--
-- Dumping data for table `user_credits`
--

INSERT INTO `user_credits` (`id`, `user_id`, `credit_balance`, `created_at`, `updated_at`) VALUES
(1, 3, 0.00, '2025-05-20 14:19:02', '2025-05-20 14:19:02'),
(2, 1, 0.00, '2025-05-20 17:12:14', '2025-05-20 17:12:14'),
(3, 2, 0.00, '2025-05-20 17:12:14', '2025-05-20 17:12:14'),
(5, 5, 0.00, '2025-05-21 16:37:07', '2025-05-21 16:37:07'),
(6, 6, 0.00, '2025-05-24 09:46:17', '2025-05-24 09:46:17'),
(7, 10, 0.00, '2025-05-24 09:50:08', '2025-05-24 09:50:08'),
(8, 11, 0.00, '2025-05-24 15:16:36', '2025-05-24 15:16:36');

--
-- Indexes for dumped tables
--

--
-- Indexes for table `cache`
--
ALTER TABLE `cache`
  ADD PRIMARY KEY (`key`);

--
-- Indexes for table `cache_locks`
--
ALTER TABLE `cache_locks`
  ADD PRIMARY KEY (`key`);

--
-- Indexes for table `credit_transactions`
--
ALTER TABLE `credit_transactions`
  ADD PRIMARY KEY (`id`),
  ADD KEY `credit_transactions_user_id_foreign` (`user_id`),
  ADD KEY `credit_transactions_performed_by_foreign` (`performed_by`);

--
-- Indexes for table `drivers`
--
ALTER TABLE `drivers`
  ADD PRIMARY KEY (`id`),
  ADD UNIQUE KEY `email` (`email`);

--
-- Indexes for table `failed_jobs`
--
ALTER TABLE `failed_jobs`
  ADD PRIMARY KEY (`id`),
  ADD UNIQUE KEY `failed_jobs_uuid_unique` (`uuid`);

--
-- Indexes for table `hero_sections`
--
ALTER TABLE `hero_sections`
  ADD PRIMARY KEY (`id`);

--
-- Indexes for table `jobs`
--
ALTER TABLE `jobs`
  ADD PRIMARY KEY (`id`),
  ADD KEY `jobs_queue_index` (`queue`);

--
-- Indexes for table `job_batches`
--
ALTER TABLE `job_batches`
  ADD PRIMARY KEY (`id`);

--
-- Indexes for table `migrations`
--
ALTER TABLE `migrations`
  ADD PRIMARY KEY (`id`);

--
-- Indexes for table `model_has_permissions`
--
ALTER TABLE `model_has_permissions`
  ADD PRIMARY KEY (`permission_id`,`model_id`,`model_type`),
  ADD KEY `model_has_permissions_model_id_model_type_index` (`model_id`,`model_type`);

--
-- Indexes for table `model_has_roles`
--
ALTER TABLE `model_has_roles`
  ADD PRIMARY KEY (`role_id`,`model_id`,`model_type`),
  ADD KEY `model_has_roles_model_id_model_type_index` (`model_id`,`model_type`);

--
-- Indexes for table `notifications`
--
ALTER TABLE `notifications`
  ADD PRIMARY KEY (`id`),
  ADD KEY `notifications_notifiable_type_notifiable_id_index` (`notifiable_type`,`notifiable_id`);

--
-- Indexes for table `password_reset_tokens`
--
ALTER TABLE `password_reset_tokens`
  ADD PRIMARY KEY (`email`);

--
-- Indexes for table `permissions`
--
ALTER TABLE `permissions`
  ADD PRIMARY KEY (`id`),
  ADD UNIQUE KEY `permissions_name_guard_name_unique` (`name`,`guard_name`);

--
-- Indexes for table `products`
--
ALTER TABLE `products`
  ADD PRIMARY KEY (`id`),
  ADD UNIQUE KEY `products_code_unique` (`code`);

--
-- Indexes for table `product_likes`
--
ALTER TABLE `product_likes`
  ADD PRIMARY KEY (`id`),
  ADD UNIQUE KEY `product_likes_user_id_product_id_unique` (`user_id`,`product_id`),
  ADD KEY `product_likes_product_id_foreign` (`product_id`);

--
-- Indexes for table `purchases`
--
ALTER TABLE `purchases`
  ADD PRIMARY KEY (`id`),
  ADD KEY `purchases_user_id_foreign` (`user_id`),
  ADD KEY `purchases_product_id_foreign` (`product_id`);

--
-- Indexes for table `roles`
--
ALTER TABLE `roles`
  ADD PRIMARY KEY (`id`),
  ADD UNIQUE KEY `roles_name_guard_name_unique` (`name`,`guard_name`);

--
-- Indexes for table `role_has_permissions`
--
ALTER TABLE `role_has_permissions`
  ADD PRIMARY KEY (`permission_id`,`role_id`),
  ADD KEY `role_has_permissions_role_id_foreign` (`role_id`);

--
-- Indexes for table `sessions`
--
ALTER TABLE `sessions`
  ADD PRIMARY KEY (`id`),
  ADD KEY `sessions_user_id_index` (`user_id`),
  ADD KEY `sessions_last_activity_index` (`last_activity`);

--
-- Indexes for table `users`
--
ALTER TABLE `users`
  ADD PRIMARY KEY (`id`),
  ADD UNIQUE KEY `users_email_unique` (`email`);

--
-- Indexes for table `user_credits`
--
ALTER TABLE `user_credits`
  ADD PRIMARY KEY (`id`),
  ADD KEY `user_credits_user_id_foreign` (`user_id`);

--
-- AUTO_INCREMENT for dumped tables
--

--
-- AUTO_INCREMENT for table `credit_transactions`
--
ALTER TABLE `credit_transactions`
  MODIFY `id` bigint(20) UNSIGNED NOT NULL AUTO_INCREMENT;

--
-- AUTO_INCREMENT for table `drivers`
--
ALTER TABLE `drivers`
  MODIFY `id` bigint(20) UNSIGNED NOT NULL AUTO_INCREMENT;

--
-- AUTO_INCREMENT for table `failed_jobs`
--
ALTER TABLE `failed_jobs`
  MODIFY `id` bigint(20) UNSIGNED NOT NULL AUTO_INCREMENT;

--
-- AUTO_INCREMENT for table `hero_sections`
--
ALTER TABLE `hero_sections`
  MODIFY `id` bigint(20) UNSIGNED NOT NULL AUTO_INCREMENT, AUTO_INCREMENT=2;

--
-- AUTO_INCREMENT for table `jobs`
--
ALTER TABLE `jobs`
  MODIFY `id` bigint(20) UNSIGNED NOT NULL AUTO_INCREMENT;

--
-- AUTO_INCREMENT for table `migrations`
--
ALTER TABLE `migrations`
  MODIFY `id` int(10) UNSIGNED NOT NULL AUTO_INCREMENT, AUTO_INCREMENT=20;

--
-- AUTO_INCREMENT for table `permissions`
--
ALTER TABLE `permissions`
  MODIFY `id` bigint(20) UNSIGNED NOT NULL AUTO_INCREMENT, AUTO_INCREMENT=18;

--
-- AUTO_INCREMENT for table `products`
--
ALTER TABLE `products`
  MODIFY `id` bigint(20) UNSIGNED NOT NULL AUTO_INCREMENT, AUTO_INCREMENT=7;

--
-- AUTO_INCREMENT for table `product_likes`
--
ALTER TABLE `product_likes`
  MODIFY `id` bigint(20) UNSIGNED NOT NULL AUTO_INCREMENT, AUTO_INCREMENT=2;

--
-- AUTO_INCREMENT for table `purchases`
--
ALTER TABLE `purchases`
  MODIFY `id` bigint(20) UNSIGNED NOT NULL AUTO_INCREMENT, AUTO_INCREMENT=5;

--
-- AUTO_INCREMENT for table `roles`
--
ALTER TABLE `roles`
  MODIFY `id` bigint(20) UNSIGNED NOT NULL AUTO_INCREMENT, AUTO_INCREMENT=9;

--
-- AUTO_INCREMENT for table `users`
--
ALTER TABLE `users`
  MODIFY `id` bigint(20) UNSIGNED NOT NULL AUTO_INCREMENT, AUTO_INCREMENT=12;

--
-- AUTO_INCREMENT for table `user_credits`
--
ALTER TABLE `user_credits`
  MODIFY `id` bigint(20) UNSIGNED NOT NULL AUTO_INCREMENT, AUTO_INCREMENT=9;

--
-- Constraints for dumped tables
--

--
-- Constraints for table `credit_transactions`
--
ALTER TABLE `credit_transactions`
  ADD CONSTRAINT `credit_transactions_performed_by_foreign` FOREIGN KEY (`performed_by`) REFERENCES `users` (`id`) ON DELETE CASCADE,
  ADD CONSTRAINT `credit_transactions_user_id_foreign` FOREIGN KEY (`user_id`) REFERENCES `users` (`id`) ON DELETE CASCADE;

--
-- Constraints for table `model_has_permissions`
--
ALTER TABLE `model_has_permissions`
  ADD CONSTRAINT `model_has_permissions_permission_id_foreign` FOREIGN KEY (`permission_id`) REFERENCES `permissions` (`id`) ON DELETE CASCADE;

--
-- Constraints for table `model_has_roles`
--
ALTER TABLE `model_has_roles`
  ADD CONSTRAINT `model_has_roles_role_id_foreign` FOREIGN KEY (`role_id`) REFERENCES `roles` (`id`) ON DELETE CASCADE;

--
-- Constraints for table `product_likes`
--
ALTER TABLE `product_likes`
  ADD CONSTRAINT `product_likes_product_id_foreign` FOREIGN KEY (`product_id`) REFERENCES `products` (`id`) ON DELETE CASCADE,
  ADD CONSTRAINT `product_likes_user_id_foreign` FOREIGN KEY (`user_id`) REFERENCES `users` (`id`) ON DELETE CASCADE;

--
-- Constraints for table `purchases`
--
ALTER TABLE `purchases`
  ADD CONSTRAINT `purchases_product_id_foreign` FOREIGN KEY (`product_id`) REFERENCES `products` (`id`) ON DELETE CASCADE,
  ADD CONSTRAINT `purchases_user_id_foreign` FOREIGN KEY (`user_id`) REFERENCES `users` (`id`) ON DELETE CASCADE;

--
-- Constraints for table `role_has_permissions`
--
ALTER TABLE `role_has_permissions`
  ADD CONSTRAINT `role_has_permissions_permission_id_foreign` FOREIGN KEY (`permission_id`) REFERENCES `permissions` (`id`) ON DELETE CASCADE,
  ADD CONSTRAINT `role_has_permissions_role_id_foreign` FOREIGN KEY (`role_id`) REFERENCES `roles` (`id`) ON DELETE CASCADE;

--
-- Constraints for table `user_credits`
--
ALTER TABLE `user_credits`
  ADD CONSTRAINT `user_credits_user_id_foreign` FOREIGN KEY (`user_id`) REFERENCES `users` (`id`) ON DELETE CASCADE;
COMMIT;

/*!40101 SET CHARACTER_SET_CLIENT=@OLD_CHARACTER_SET_CLIENT */;
/*!40101 SET CHARACTER_SET_RESULTS=@OLD_CHARACTER_SET_RESULTS */;
/*!40101 SET COLLATION_CONNECTION=@OLD_COLLATION_CONNECTION */;
